thread_id,core_id,task_id,func_id,core_type,pmu_total_cycles,pmu_idc_aic_vec_busy_o,cube_instr_busy,scalar_instr_busy,mte1_instr_busy,mte2_instr_busy,mte3_instr_busy,icache_req,icache_miss,pmu_fix_instr_busy,event_type
0,28,0x0000000100000004,3,1,4597,54,0,1597,0,1823,844,60,13,0,2
0,28,0x0000000100000004,3,1,2887,54,0,930,0,1406,644,49,0,0,2
0,29,0x0000000100000004,3,1,4611,54,0,1606,0,1819,861,63,12,0,2
0,29,0x0000000100000004,3,1,3088,54,0,924,0,1356,880,52,0,0,2
0,36,0x0000000100000004,3,1,4583,54,0,1690,0,1834,803,60,13,0,2
0,36,0x0000000100000004,3,1,2975,54,0,947,0,1398,722,49,0,0,2
0,37,0x0000000100000004,3,1,4624,54,0,1700,0,1829,840,62,13,0,2
0,37,0x0000000100000004,3,1,3082,54,0,948,0,1395,831,52,0,0,2
0,44,0x0000000100000004,3,1,4137,54,0,1278,0,1746,834,60,13,0,2
0,44,0x0000000100000004,3,1,3233,54,0,1259,0,1351,697,49,0,0,2
0,45,0x0000000100000004,3,1,4075,54,0,1283,0,1674,823,62,13,0,2
0,45,0x0000000100000004,3,1,3269,54,0,1253,0,1401,686,52,0,0,2
0,52,0x0000000100000004,3,1,4192,54,0,1481,0,1726,863,60,13,0,2
0,52,0x0000000100000004,3,1,3227,54,0,1183,0,1382,690,49,0,0,2
0,53,0x0000000100000004,3,1,4288,54,0,1453,0,1761,888,59,13,0,2
0,53,0x0000000100000004,3,1,3288,54,0,1142,0,1461,709,52,0,0,2
0,60,0x0000000100000004,3,1,4199,54,0,1366,0,1569,810,59,12,0,2
0,60,0x0000000100000004,3,1,3163,54,0,1061,0,1435,695,49,0,0,2
0,61,0x0000000100000004,3,1,4295,54,0,1459,0,1634,808,59,13,0,2
0,68,0x0000000100000004,3,1,4266,54,0,1298,0,1835,793,60,13,0,2
0,69,0x0000000100000004,3,1,4101,54,0,1324,0,1623,830,59,13,0,2
0,76,0x0000000100000004,3,1,4277,54,0,1555,0,1662,802,60,13,0,2
0,77,0x0000000100000004,3,1,4303,54,0,1548,0,1701,798,59,13,0,2
0,77,0x0000000100000004,3,1,3107,54,0,1230,0,1256,691,52,0,0,2
1,1,0x0000000100000002,1,0,46156,0,24304,2612,23539,38395,0,460,19,1015,2
1,30,0x0000000100000004,3,1,5225,54,0,2304,0,1618,725,60,13,0,2
1,30,0x0000000100000004,3,1,3291,54,0,1055,0,1388,895,49,0,0,2
1,30,0x0000000100000005,4,1,116341,40450,0,9742,0,68984,119,2569,13,0,2
1,30,0x0000000100000007,6,1,5355,748,0,1076,0,1223,1837,202,4,0,2
1,31,0x0000000100000004,3,1,5192,54,0,2305,0,1689,713,61,12,0,2
1,31,0x0000000100000004,3,1,3550,54,0,1464,0,1447,683,52,0,0,2
1,31,0x0000000100000005,4,1,116287,40472,0,9607,0,69054,119,2578,13,0,2
1,5,0x0000000100000002,1,0,46242,0,24304,2646,23473,38324,0,453,19,1104,2
1,38,0x0000000100000004,3,1,4839,54,0,2322,0,1648,661,60,13,0,2
1,38,0x0000000100000004,3,1,3648,54,0,1419,0,1450,831,49,0,0,2
1,38,0x0000000100000005,4,1,116126,40493,0,9439,0,69028,144,2572,13,0,2
1,39,0x0000000100000004,3,1,4704,54,0,2333,0,1485,670,61,12,0,2
1,39,0x0000000100000004,3,1,3348,54,0,1177,0,1447,794,52,0,0,2
1,39,0x0000000100000005,4,1,115930,40533,0,9312,0,68980,144,2583,13,0,2
1,9,0x0000000100000002,1,0,45987,0,24304,2692,23510,38558,0,452,19,972,2
1,46,0x0000000100000004,3,1,4219,54,0,1813,0,1492,683,60,13,0,2
1,46,0x0000000100000004,3,1,3520,54,0,1306,0,1416,820,49,0,0,2
1,46,0x0000000100000005,4,1,115155,40429,0,8878,0,68514,132,2572,11,0,2
1,47,0x0000000100000004,3,1,4148,54,0,1788,0,1460,668,62,13,0,2
1,47,0x0000000100000004,3,1,3379,54,0,1343,0,1427,649,52,0,0,2
1,47,0x0000000100000005,4,1,115290,40469,0,8857,0,68585,132,2581,11,0,2
1,13,0x0000000100000002,1,0,45461,0,24304,2570,23627,37751,0,459,19,975,2
1,54,0x0000000100000004,3,1,3880,54,0,1511,0,1481,694,60,13,0,2
1,54,0x0000000100000004,3,1,3551,54,0,1511,0,1303,787,49,0,0,2
1,54,0x0000000100000004,3,1,3002,54,0,971,0,1447,643,49,0,0,2
1,54,0x0000000100000005,4,1,115794,40472,0,8886,0,69125,102,2580,12,0,2
1,55,0x0000000100000004,3,1,3831,54,0,1456,0,1482,705,62,13,0,2
1,55,0x0000000100000004,3,1,3423,54,0,1455,0,1323,702,52,0,0,2
1,55,0x0000000100000004,3,1,3044,54,0,954,0,1458,690,52,0,0,2
1,55,0x0000000100000004,3,1,3178,54,0,1291,0,1315,634,46,0,0,2
1,55,0x0000000100000005,4,1,115625,40475,0,8703,0,69083,102,2588,12,0,2
1,17,0x0000000100000002,1,0,45655,0,24304,2543,23465,38015,0,453,19,1193,2
1,62,0x0000000100000004,3,1,4715,54,0,1893,0,1401,1060,60,13,0,2
1,62,0x0000000100000004,3,1,3108,54,0,1224,0,1240,685,49,0,0,2
1,62,0x0000000100000004,3,1,3232,54,0,1061,0,1513,699,49,0,0,2
1,62,0x0000000100000004,3,1,2879,54,0,1021,0,1233,665,46,0,0,2
1,63,0x0000000100000004,3,1,4504,54,0,1906,0,1394,995,58,12,0,2
1,63,0x0000000100000004,3,1,3110,54,0,1235,0,1258,655,52,0,0,2
1,63,0x0000000100000004,3,1,2929,54,0,871,0,1448,647,52,0,0,2
1,63,0x0000000100000004,3,1,2789,54,0,878,0,1260,694,46,0,0,2
1,21,0x0000000100000002,1,0,45686,0,24304,2588,23348,38436,0,453,19,1142,2
1,70,0x0000000100000004,3,1,4086,54,0,1401,0,1480,1173,60,13,0,2
1,70,0x0000000100000004,3,1,2854,54,0,1012,0,1258,658,49,0,0,2
1,70,0x0000000100000004,3,1,2912,54,0,908,0,1433,646,49,0,0,2
1,70,0x0000000100000004,3,1,2993,54,0,1193,0,1219,655,46,0,0,2
1,71,0x0000000100000004,3,1,4189,54,0,1475,0,1469,1198,59,13,0,2
1,71,0x0000000100000004,3,1,2715,54,0,879,0,1256,650,52,0,0,2
1,71,0x0000000100000004,3,1,2915,54,0,903,0,1445,638,52,0,0,2
1,71,0x0000000100000004,3,1,2775,54,0,965,0,1214,671,46,0,0,2
1,25,0x0000000100000002,1,0,45461,0,24304,2361,23516,38077,0,452,19,1086,2
1,78,0x0000000100000004,3,1,3899,54,0,1170,0,1461,1010,60,13,0,2
1,78,0x0000000100000004,3,1,2964,54,0,1134,0,1276,647,49,0,0,2
1,78,0x0000000100000004,3,1,2976,54,0,968,0,1461,638,49,0,0,2
1,78,0x0000000100000004,3,1,2797,54,0,889,0,1266,734,46,0,0,2
1,79,0x0000000100000004,3,1,3967,54,0,1201,0,1459,1044,59,13,0,2
1,79,0x0000000100000004,3,1,3313,54,0,1715,0,1443,635,52,0,0,2
1,79,0x0000000100000004,3,1,2965,54,0,929,0,1419,710,52,0,0,2
1,79,0x0000000100000004,3,1,2749,54,0,945,0,1232,665,46,0,0,2
2,2,0x0000000100000002,1,0,47349,0,24304,2689,23372,39096,0,446,19,1064,2
2,32,0x0000000100000004,3,1,4644,54,0,1885,0,1462,684,59,12,0,2
2,32,0x0000000100000004,3,1,3362,54,0,1560,0,1446,660,49,0,0,2
2,32,0x0000000100000006,5,1,72180,7910,0,59851,0,4415,1289,9910,72,0,2
2,33,0x0000000100000004,3,1,4496,54,0,1778,0,1410,681,61,12,0,2
2,33,0x0000000100000004,3,1,3396,54,0,1559,0,1435,693,52,0,0,2
2,6,0x0000000100000002,1,0,46201,0,24304,2691,23246,38010,0,447,19,1368,2
2,40,0x0000000100000004,3,1,4248,54,0,1887,0,1454,785,60,13,0,2
2,40,0x0000000100000004,3,1,3102,54,0,1272,0,1415,681,49,0,0,2
2,41,0x0000000100000004,3,1,4377,54,0,1887,0,1558,816,61,12,0,2
2,41,0x0000000100000004,3,1,3168,54,0,1263,0,1437,688,52,0,0,2
2,10,0x0000000100000002,1,0,47288,0,24304,2649,23652,39052,0,446,19,1021,2
2,48,0x0000000100000004,3,1,4275,54,0,1806,0,1488,843,59,12,0,2
2,48,0x0000000100000004,3,1,3035,54,0,1279,0,1406,671,49,0,0,2
2,49,0x0000000100000004,3,1,4167,54,0,1850,0,1474,826,62,13,0,2
2,49,0x0000000100000004,3,1,3132,54,0,1140,0,1426,689,52,0,0,2
2,14,0x0000000100000002,1,0,46974,0,24304,2651,23430,38278,0,446,19,1076,2
2,56,0x0000000100000004,3,1,4419,54,0,1894,0,1367,791,59,12,0,2
2,56,0x0000000100000004,3,1,3316,54,0,1232,0,1502,631,49,0,0,2
2,57,0x0000000100000004,3,1,4282,54,0,1894,0,1442,685,61,12,0,2
2,57,0x0000000100000004,3,1,3291,54,0,1243,0,1396,698,52,0,0,2
2,18,0x0000000100000002,1,0,46981,0,24304,2611,23461,38448,0,454,19,1020,2
2,64,0x0000000100000004,3,1,4191,54,0,1862,0,1404,829,60,13,0,2
2,64,0x0000000100000004,3,1,3284,54,0,1129,0,1522,683,49,0,0,2
2,65,0x0000000100000004,3,1,4107,54,0,1860,0,1395,826,58,12,0,2
2,65,0x0000000100000004,3,1,3150,54,0,1106,0,1409,683,52,0,0,2
2,65,0x0000000100000004,3,1,2807,54,0,997,0,1202,655,52,0,0,2
2,22,0x0000000100000002,1,0,46928,0,24304,2660,23346,37550,0,453,19,1364,2
2,72,0x0000000100000004,3,1,4073,54,0,1435,0,1439,848,60,13,0,2
2,72,0x0000000100000004,3,1,3164,54,0,1103,0,1433,665,49,0,0,2
2,72,0x0000000100000004,3,1,2737,54,0,838,0,1238,697,49,0,0,2
2,73,0x0000000100000004,3,1,3961,54,0,1419,0,1416,853,58,12,0,2
2,73,0x0000000100000004,3,1,3214,54,0,1076,0,1475,695,52,0,0,2
2,73,0x0000000100000004,3,1,2789,54,0,877,0,1233,713,52,0,0,2
2,26,0x0000000100000002,1,0,47022,0,24304,2677,23223,38332,0,452,19,1027,2
2,80,0x0000000100000004,3,1,4076,54,0,1486,0,1407,847,60,13,0,2
2,80,0x0000000100000004,3,1,3157,54,0,1122,0,1419,670,49,0,0,2
2,80,0x0000000100000004,3,1,2792,54,0,891,0,1230,725,49,0,0,2
2,81,0x0000000100000004,3,1,4105,54,0,1495,0,1407,835,59,13,0,2
2,81,0x0000000100000004,3,1,3282,54,0,1175,0,1440,719,52,0,0,2
2,81,0x0000000100000004,3,1,2793,54,0,919,0,1230,696,52,0,0,2
3,3,0x0000000100000002,1,0,46173,0,24304,2680,23357,38970,0,446,19,764,2
3,34,0x0000000100000001,0,1,7667,1129,0,1785,0,0,3767,107,8,0,2
3,34,0x0000000100000004,3,1,4054,54,0,1410,0,1406,1347,61,9,0,2
3,34,0x0000000100000004,3,1,3136,54,0,1075,0,1411,704,49,0,0,2
3,35,0x0000000100000003,2,1,13004,387,0,8924,0,0,2219,607,13,0,2
3,35,0x0000000100000004,3,1,3832,54,0,1144,0,1407,1342,61,9,0,2
3,35,0x0000000100000004,3,1,3091,54,0,1064,0,1416,662,52,0,0,2
3,7,0x0000000100000002,1,0,45700,0,24304,2429,23680,38748,0,446,19,1036,2
3,42,0x0000000100000004,3,1,5077,54,0,1434,0,1437,824,59,12,0,2
3,42,0x0000000100000004,3,1,3057,54,0,933,0,1443,718,49,0,0,2
3,43,0x0000000100000004,3,1,4992,54,0,1444,0,1433,839,62,12,0,2
3,43,0x0000000100000004,3,1,3295,54,0,1324,0,1305,699,52,0,0,2
3,50,0x0000000100000004,3,1,6428,54,0,1757,0,2149,808,59,12,0,2
3,50,0x0000000100000004,3,1,3065,54,0,1127,0,1328,660,49,0,0,2
3,51,0x0000000100000004,3,1,6443,54,0,1764,0,2157,800,62,12,0,2
3,51,0x0000000100000004,3,1,2861,54,0,951,0,1307,651,52,0,0,2
3,58,0x0000000100000004,3,1,5346,54,0,1146,0,2081,830,59,12,0,2
3,58,0x0000000100000004,3,1,3159,54,0,1539,0,1246,638,49,0,0,2
3,59,0x0000000100000004,3,1,5265,54,0,1718,0,2078,793,59,12,0,2
3,59,0x0000000100000004,3,1,3227,54,0,1552,0,1250,688,52,0,0,2
3,66,0x0000000100000004,3,1,6502,54,0,1832,0,2369,848,59,12,0,2
3,66,0x0000000100000004,3,1,2733,54,0,1112,0,1247,654,49,0,0,2
3,67,0x0000000100000004,3,1,6776,54,0,1812,0,2636,816,59,12,0,2
3,67,0x0000000100000004,3,1,2650,54,0,941,0,1237,662,52,0,0,2
3,74,0x0000000100000004,3,1,6341,54,0,1750,0,2350,787,59,12,0,2
3,74,0x0000000100000004,3,1,2670,54,0,841,0,1228,668,49,0,0,2
3,75,0x0000000100000004,3,1,6361,54,0,1673,0,2338,792,59,12,0,2
3,75,0x0000000100000004,3,1,2649,54,0,831,0,1229,657,52,0,0,2
3,82,0x0000000100000004,3,1,5786,54,0,2082,0,2046,774,59,12,0,2
3,82,0x0000000100000004,3,1,2718,54,0,894,0,1256,647,49,0,0,2
3,83,0x0000000100000004,3,1,5791,54,0,2099,0,1976,818,59,12,0,2
3,83,0x0000000100000004,3,1,2753,54,0,879,0,1242,712,52,0,0,2
